State,Abbreviation,District Number,Representative,Total Population,Coop Population,Ratio Coop Service,Coop info link,Representative website link
Alaska,AK,0,Rep. Nicholas J. Begich III (R),"740,133","608,979",82.28%,https://www.cooperative.com/programs-services/government-relations/Documents/state-info/Alaskaat%20Large.pdf,https://begich.house.gov
Delaware,DE,0,Rep. Sarah McBride (D),"1,051,917","212,395",20.19%,https://www.cooperative.com/programs-services/government-relations/Documents/state-info/Delawareat%20Large.pdf,https://mcbride.house.gov
District of Columbia,DC,0,Rep. Eleanor Holmes Norton (D),"702,250",0,0.00%,,https://norton.house.gov
North Dakota,ND,0,Rep. Julie Fedorchak (R),"796,568","381,853",47.94%,https://www.cooperative.com/programs-services/government-relations/Documents/state-info/North%20Dakota1.pdf,https://fedorchak.house.gov
Puerto Rico,PR,0,Rep. Pablo José Hernández (D),"3,203,295",0,0.00%,,https://hernandez.house.gov
South Dakota,SD,0,Rep. Dusty Johnson (R),"924,669","344,116",37.22%,https://www.cooperative.com/programs-services/government-relations/Documents/state-info/South%20Dakotaat%20Large.pdf,https://dustyjohnson.house.gov
Vermont,VT,0,Rep. Becca Balint (D),"648,493","90,308",13.93%,https://www.cooperative.com/programs-services/government-relations/Documents/state-info/Vermontat%20Large.pdf,https://balint.house.gov
Wyoming,WY,0,Rep. Harriet M. Hageman (R),"587,618","168,021",28.59%,https://www.cooperative.com/programs-services/government-relations/Documents/state-info/Wyomingat%20Large.pdf,https://hageman.house.gov
Alabama,AL,01,Rep. Barry Moore (R),"760,389","319,616",42.03%,https://www.cooperative.com/programs-services/government-relations/Documents/state-info/Alabama1.pdf,https://barrymoore.house.gov
Arizona,AZ,01,Rep. David Schweikert (R),"819,479",0,0.00%,,https://schweikert.house.gov
Arkansas,AR,01,"Rep. Eric A. ""Rick"" Crawford (R)","754,656","289,521",38.36%,https://www.cooperative.com/programs-services/government-relations/Documents/state-info/Arkansas1.pdf,https://crawford.house.gov
California,CA,01,Vacant as of 1/15/26,"759,259","29,426",3.88%,https://www.cooperative.com/programs-services/government-relations/Documents/state-info/California1.pdf,
Colorado,CO,01,Rep. Diana DeGette (D),"735,987",0,0.00%,,https://degette.house.gov
Connecticut,CT,01,Rep. John B. Larson (D),"734,950",0,0.00%,,https://larson.house.gov
Florida,FL,01,Rep. Jimmy Patronis (R),"817,541","109,211",13.36%,https://www.cooperative.com/programs-services/government-relations/Documents/state-info/Florida1.pdf,https://patronis.house.gov
Georgia,GA,01,"Rep. Earl L. ""Buddy"" Carter (R)","806,580","228,035",28.27%,https://www.cooperative.com/programs-services/government-relations/Documents/state-info/Georgia1.pdf,https://buddycarter.house.gov
Hawaii,HI,01,Rep. Ed Case (D),"719,060",0,0.00%,,https://case.house.gov
Idaho,ID,01,Rep. Russ Fulcher (R),"1,033,662","123,367",11.93%,https://www.cooperative.com/programs-services/government-relations/Documents/state-info/Idaho1.pdf,https://fulcher.house.gov
Illinois,IL,01,Rep. Jonathan L. Jackson (D),"735,259",0,0.00%,,https://jonathanjackson.house.gov
Indiana,IN,01,Rep. Frank J. Mrvan (D),"760,512","30,720",4.04%,https://www.cooperative.com/programs-services/government-relations/Documents/state-info/Indiana1.pdf,https://mrvan.house.gov
Iowa,IA,01,Rep. Mariannette Miller-Meeks (R),"804,704","135,511",16.84%,https://www.cooperative.com/programs-services/government-relations/Documents/state-info/Iowa1.pdf,https://millermeeks.house.gov
Kansas,KS,01,Rep. Tracey Mann (R),"731,386","270,798",37.03%,https://www.cooperative.com/programs-services/government-relations/Documents/state-info/Kansas1.pdf,https://mann.house.gov
Kentucky,KY,01,Rep. James Comer (R),"759,138","459,704",60.56%,https://www.cooperative.com/programs-services/government-relations/Documents/state-info/Kentucky1.pdf,https://comer.house.gov
Louisiana,LA,01,Rep. Steve Scalise (R),"798,569","102,927",12.89%,https://www.cooperative.com/programs-services/government-relations/Documents/state-info/Louisiana1.pdf,https://scalise.house.gov
Maine,ME,01,Rep. Chellie Pingree (D),"707,732","1,920",0.27%,https://www.cooperative.com/programs-services/government-relations/Documents/state-info/Maine1.pdf,https://pingree.house.gov
Maryland,MD,01,Rep. Andy Harris (R),"791,864","107,352",13.56%,https://www.cooperative.com/programs-services/government-relations/Documents/state-info/Maryland1.pdf,https://harris.house.gov
Massachusetts,MA,01,Rep. Richard E. Neal (D),"779,993",0,0.00%,,https://neal.house.gov
Michigan,MI,01,Rep. Jack Bergman (R),"787,617","280,207",35.58%,https://www.cooperative.com/programs-services/government-relations/Documents/state-info/Michigan1.pdf,https://bergman.house.gov
Minnesota,MN,01,Rep. Brad Finstad (R),"718,116","232,116",32.32%,https://www.cooperative.com/programs-services/government-relations/Documents/state-info/Minnesota1.pdf,https://finstad.house.gov
Mississippi,MS,01,Rep. Trent Kelly (R),"753,783","502,105",66.61%,https://www.cooperative.com/programs-services/government-relations/Documents/state-info/Mississippi1.pdf,https://trentkelly.house.gov
Missouri,MO,01,Rep. Wesley Bell (D),"742,814",0,0.00%,,https://bell.house.gov
Montana,MT,01,Rep. Ryan K. Zinke (R),"579,075","219,685",37.94%,https://www.cooperative.com/programs-services/government-relations/Documents/state-info/Montana1.pdf,https://zinke.house.gov
Nebraska,NE,01,Rep. Mike Flood (R),"672,915","94,509",14.04%,https://www.cooperative.com/programs-services/government-relations/Documents/state-info/Nebraska1.pdf,https://flood.house.gov
Nevada,NV,01,Rep. Dina Titus (D),"792,232",0,0.00%,,https://titus.house.gov
New Hampshire,NH,01,Rep. Chris Pappas (D),"708,843","62,055",8.75%,https://www.cooperative.com/programs-services/government-relations/Documents/state-info/New%20Hampshire1.pdf,https://pappas.house.gov
New Jersey,NJ,01,Rep. Donald Norcross (D),"784,146",0,0.00%,,https://norcross.house.gov
New Mexico,NM,01,Rep. Melanie A. Stansbury (D),"711,081","54,569",7.67%,https://www.cooperative.com/programs-services/government-relations/Documents/state-info/New%20Mexico1.pdf,https://stansbury.house.gov
New York,NY,01,Rep. Nick LaLota (R),"782,097",0,0.00%,,https://lalota.house.gov
North Carolina,NC,01,Rep. Donald G. Davis (D),"753,478","164,847",21.88%,https://www.cooperative.com/programs-services/government-relations/Documents/state-info/North%20Carolina1.pdf,https://dondavis.house.gov
Ohio,OH,01,Rep. Greg Landsman (D),"809,863",0,0.00%,,https://landsman.house.gov
Oklahoma,OK,01,Rep. Kevin Hern (R),"827,396","484,663",58.58%,https://www.cooperative.com/programs-services/government-relations/Documents/state-info/Oklahoma1.pdf,https://hern.house.gov
Oregon,OR,01,Rep. Suzanne Bonamici (D),"716,626","8,670",1.21%,https://www.cooperative.com/programs-services/government-relations/Documents/state-info/Oregon1.pdf,https://bonamici.house.gov
Pennsylvania,PA,01,Rep. Brian K. Fitzpatrick (R),"768,164",0,0.00%,,https://fitzpatrick.house.gov
Rhode Island,RI,01,Rep. Gabe Amo (D),"555,745",0,0.00%,,https://amo.house.gov
South Carolina,SC,01,Rep. Nancy Mace (R),"797,468","324,910",40.74%,https://www.cooperative.com/programs-services/government-relations/Documents/state-info/South%20Carolina1.pdf,https://mace.house.gov
Tennessee,TN,01,Rep. Diana Harshbarger (R),"797,902","184,799",23.16%,https://www.cooperative.com/programs-services/government-relations/Documents/state-info/Tennessee1.pdf,https://harshbarger.house.gov
Texas,TX,01,Rep. Nathaniel Moran (R),"795,955","335,768",42.18%,https://www.cooperative.com/programs-services/government-relations/Documents/state-info/Texas1.pdf,https://moran.house.gov
Utah,UT,01,Rep. Blake D. Moore (R),"871,848",558,0.06%,https://www.cooperative.com/programs-services/government-relations/Documents/state-info/Utah1.pdf,https://blakemoore.house.gov
Virginia,VA,01,Rep. Robert J. Wittman (R),"823,798","53,288",6.47%,https://www.cooperative.com/programs-services/government-relations/Documents/state-info/Virginia1.pdf,https://wittman.house.gov
Washington,WA,01,Rep. Suzan K. DelBene (D),"810,553",0,0.00%,,https://delbene.house.gov
West Virginia,WV,01,Rep. Carol D. Miller (R),"861,893",583,1.98%,https://www.cooperative.com/programs-services/government-relations/Documents/state-info/West%20Virginia1.pdf,https://miller.house.gov
Wisconsin,WI,01,Rep. Bryan Steil (R),"739,693","17,070",30.28%,https://www.cooperative.com/programs-services/government-relations/Documents/state-info/Wisconsin1.pdf,https://steil.house.gov
California,CA,10,Rep. Mark DeSaulnier (D),"773,816",0,0.00%,,https://desaulnier.house.gov
Florida,FL,10,Rep. Maxwell Frost (D),"802,532",0,0.00%,,https://frost.house.gov
Georgia,GA,10,Rep. Mike Collins (R),"835,755","489,137",58.53%,https://www.cooperative.com/programs-services/government-relations/Documents/state-info/Georgia10.pdf,https://collins.house.gov
Illinois,IL,10,Rep. Bradley Scott Schneider (D),"749,775",0,0.00%,,https://schneider.house.gov
Michigan,MI,10,Rep. John James (R),"775,317",0,0.00%,,https://james.house.gov
New Jersey,NJ,10,Rep. LaMonica McIver (D),"800,200",0,0.00%,,https://mciver.house.gov
New York,NY,10,Rep. Daniel S. Goldman (D),"757,254",0,0.00%,,https://goldman.house.gov
North Carolina,NC,10,Rep. Pat Harrigan (R),"787,565","130,529",16.57%,https://www.cooperative.com/programs-services/government-relations/Documents/state-info/North%20Carolina10.pdf,https://harrigan.house.gov
Ohio,OH,10,Rep. Michael R. Turner (R),"791,001",930,0.12%,https://www.cooperative.com/programs-services/government-relations/Documents/state-info/Ohio10.pdf,https://turner.house.gov
Pennsylvania,PA,10,Rep. Scott Perry (R),"792,599","17,029",2.15%,https://www.cooperative.com/programs-services/government-relations/Documents/state-info/Pennsylvania10.pdf,https://perry.house.gov
Texas,TX,10,Rep. Michael T. McCaul (R),"832,921","394,204",47.33%,https://www.cooperative.com/programs-services/government-relations/Documents/state-info/Texas10.pdf,https://mccaul.house.gov
Virginia,VA,10,Rep. Suhas Subramanyam (D),"821,178","289,331",35.23%,https://www.cooperative.com/programs-services/government-relations/Documents/state-info/Virginia10.pdf,https://subramanyam.house.gov
Washington,WA,10,Rep. Marilyn Strickland (D),"776,532","52,715",6.79%,https://www.cooperative.com/programs-services/government-relations/Documents/state-info/Washington10.pdf,https://strickland.house.gov
California,CA,11,Rep. Nancy Pelosi (D),"729,775",0,0.00%,,https://pelosi.house.gov
Florida,FL,11,Rep. Daniel Webster (R),"893,440","221,359",24.78%,https://www.cooperative.com/programs-services/government-relations/Documents/state-info/Florida11.pdf,https://webster.house.gov
Georgia,GA,11,Rep. Barry Loudermilk (R),"811,695","442,908",54.57%,https://www.cooperative.com/programs-services/government-relations/Documents/state-info/Georgia11.pdf,https://loudermilk.house.gov
Illinois,IL,11,Rep. Bill Foster (D),"766,584",0,0.00%,,https://foster.house.gov
Michigan,MI,11,Rep. Haley M. Stevens (D),"787,210",0,0.00%,,https://stevens.house.gov
New Jersey,NJ,11,Vacant as of 1/15/26,"800,060",0,0.00%,,
New York,NY,11,Rep. Nicole Malliotakis (R),"759,734",0,0.00%,,https://malliotakis.house.gov
North Carolina,NC,11,Rep. Chuck Edwards (R),"770,851","177,118",22.98%,https://www.cooperative.com/programs-services/government-relations/Documents/state-info/North%20Carolina11.pdf,https://edwards.house.gov
Ohio,OH,11,Rep. Shontel M. Brown (D),"759,075","243,129",32.03%,https://www.cooperative.com/programs-services/government-relations/Documents/state-info/Ohio11.pdf,https://shontelbrown.house.gov
Pennsylvania,PA,11,Rep. Lloyd Smucker (R),"781,923","17,254",2.21%,https://www.cooperative.com/programs-services/government-relations/Documents/state-info/Pennsylvania11.pdf,https://smucker.house.gov
Texas,TX,11,Rep. August Pfluger (R),"802,030","107,364",13.39%,https://www.cooperative.com/programs-services/government-relations/Documents/state-info/Texas11.pdf,https://pfluger.house.gov
Virginia,VA,11,Rep. James R. Walkinshaw (D),"792,747","96,817",12.21%,https://www.cooperative.com/programs-services/government-relations/Documents/state-info/Virginia11.pdf,https://walkinshaw.house.gov/
California,CA,12,Rep. Lateefah Simon (D),"756,336",0,0.00%,,https://simon.house.gov
Florida,FL,12,Rep. Gus M. Bilirakis (R),"871,072","439,150",50.41%,https://www.cooperative.com/programs-services/government-relations/Documents/state-info/Florida12.pdf,https://bilirakis.house.gov
Georgia,GA,12,Rep. Rick W. Allen (R),"786,415","318,097",40.45%,https://www.cooperative.com/programs-services/government-relations/Documents/state-info/Georgia12.pdf,https://allen.house.gov
Illinois,IL,12,Rep. Mike Bost (R),"745,901","261,745",35.09%,https://www.cooperative.com/programs-services/government-relations/Documents/state-info/Illinois12.pdf,https://bost.house.gov
Michigan,MI,12,Rep. Rashida Tlaib (D),"751,709",0,0.00%,,https://tlaib.house.gov
New Jersey,NJ,12,Rep. Bonnie Watson Coleman (D),"808,427",0,0.00%,,https://watsoncoleman.house.gov
New York,NY,12,Rep. Jerrold Nadler (D),"752,016",0,0.00%,,https://nadler.house.gov
North Carolina,NC,12,Rep. Alma S. Adams (D),"801,527","10,821",1.35%,https://www.cooperative.com/programs-services/government-relations/Documents/state-info/North%20Carolina12.pdf,https://adams.house.gov
Ohio,OH,12,Rep. Troy Balderson (R),"812,727",181,0.02%,https://www.cooperative.com/programs-services/government-relations/Documents/state-info/Ohio12.pdf,https://balderson.house.gov
Pennsylvania,PA,12,Rep. Summer L. Lee (D),"754,530",0,0.00%,,https://summerlee.house.gov
Texas,TX,12,Rep. Craig A. Goldman (R),"852,259","89,977",10.56%,https://www.cooperative.com/programs-services/government-relations/Documents/state-info/Texas12.pdf,https://craiggoldman.house.gov
California,CA,13,Rep. Adam Gray (D),"790,923",0,0.00%,,https://gray.house.gov
Florida,FL,13,Rep. Anna Paulina Luna (R),"762,930",0,0.00%,,https://luna.house.gov
Georgia,GA,13,Rep. David Scott (D),"820,432","438,995",53.51%,https://www.cooperative.com/programs-services/government-relations/Documents/state-info/Georgia13.pdf,https://davidscott.house.gov
Illinois,IL,13,Rep. Nikki Budzinski (D),"741,808","43,670",5.89%,https://www.cooperative.com/programs-services/government-relations/Documents/state-info/Illinois13.pdf,https://budzinski.house.gov
Michigan,MI,13,Rep. Shri Thanedar (D),"784,609",0,0.00%,,https://thanedar.house.gov
New York,NY,13,Rep. Adriano Espaillat (D),"747,542",0,0.00%,,https://espaillat.house.gov
North Carolina,NC,13,Rep. Brad Knott (R),"835,054","168,981",20.24%,https://www.cooperative.com/programs-services/government-relations/Documents/state-info/North%20Carolina13.pdf,https://knott.house.gov
Ohio,OH,13,Rep. Emilia Strong Sykes (D),"785,020",0,0.00%,,https://sykes.house.gov
Pennsylvania,PA,13,Rep. John Joyce (R),"769,505","127,366",16.55%,https://www.cooperative.com/programs-services/government-relations/Documents/state-info/Pennsylvania13.pdf,https://johnjoyce.house.gov
Texas,TX,13,Rep. Ronny Jackson (R),"799,858","103,177",12.90%,https://www.cooperative.com/programs-services/government-relations/Documents/state-info/Texas13.pdf,https://jackson.house.gov
California,CA,14,Rep. Eric Swalwell (D),"728,854",0,0.00%,,https://swalwell.house.gov
Florida,FL,14,Rep. Kathy Castor (D),"826,751",0,0.00%,,https://castor.house.gov
Georgia,GA,14,Vacant as of 1/15/26,"795,580","477,841",60.06%,https://www.cooperative.com/programs-services/government-relations/Documents/state-info/Georgia14.pdf,
Illinois,IL,14,Rep. Lauren Underwood (D),"766,577","6,274",0.82%,https://www.cooperative.com/programs-services/government-relations/Documents/state-info/Illinois14.pdf,https://underwood.house.gov
New York,NY,14,Rep. Alexandria Ocasio-Cortez (D),"737,491",0,0.00%,,https://ocasio-cortez.house.gov
North Carolina,NC,14,Rep. Tim Moore (R),"792,862","162,806",20.53%,https://www.cooperative.com/programs-services/government-relations/Documents/state-info/North%20Carolina14.pdf,https://timmoore.house.gov
Ohio,OH,14,Rep. David P. Joyce (R),"785,649","46,864",5.97%,https://www.cooperative.com/programs-services/government-relations/Documents/state-info/Ohio14.pdf,https://joyce.house.gov
Pennsylvania,PA,14,Rep. Guy Reschenthaler (R),"752,379","46,293",6.15%,https://www.cooperative.com/programs-services/government-relations/Documents/state-info/Pennsylvania14.pdf,https://reschenthaler.house.gov
Texas,TX,14,"Rep. Randy K. Weber, Sr. (R)","787,873","12,010",1.52%,https://www.cooperative.com/programs-services/government-relations/Documents/state-info/Texas14.pdf,https://weber.house.gov
California,CA,15,Rep. Kevin Mullin (D),"723,474",0,0.00%,,https://kevinmullin.house.gov
Florida,FL,15,Rep. Laurel M. Lee (R),"835,404","55,298",6.62%,https://www.cooperative.com/programs-services/government-relations/Documents/state-info/Florida15.pdf,https://laurellee.house.gov
Illinois,IL,15,Rep. Mary E. Miller (R),"739,197","177,115",23.96%,https://www.cooperative.com/programs-services/government-relations/Documents/state-info/Illinois15.pdf,https://marymiller.house.gov
New York,NY,15,Rep. Ritchie Torres (D),"754,448",0,0.00%,,https://ritchietorres.house.gov
Ohio,OH,15,Rep. Mike Carey (R),"823,011","50,351",6.12%,https://www.cooperative.com/programs-services/government-relations/Documents/state-info/Ohio15.pdf,https://carey.house.gov
Pennsylvania,PA,15,Rep. Glenn Thompson (R),"758,111","103,756",13.69%,https://www.cooperative.com/programs-services/government-relations/Documents/state-info/Pennsylvania15.pdf,https://thompson.house.gov
Texas,TX,15,Rep. Monica De La Cruz (R),"812,527","283,947",34.95%,https://www.cooperative.com/programs-services/government-relations/Documents/state-info/Texas15.pdf,https://delacruz.house.gov
California,CA,16,Rep. Sam T. Liccardo (D),"751,938",0,0.00%,,https://liccardo.house.gov
Florida,FL,16,Rep. Vern Buchanan (R),"882,786","67,393",7.63%,https://www.cooperative.com/programs-services/government-relations/Documents/state-info/Florida16.pdf,https://buchanan.house.gov
Illinois,IL,16,Rep. Darin LaHood (R),"752,764","88,192",11.72%,https://www.cooperative.com/programs-services/government-relations/Documents/state-info/Illinois16.pdf,https://lahood.house.gov
New York,NY,16,Rep. George Latimer (D),"773,517",0,0.00%,,https://latimer.house.gov
Pennsylvania,PA,16,Rep. Mike Kelly (R),"758,988","67,835",8.94%,https://www.cooperative.com/programs-services/government-relations/Documents/state-info/Pennsylvania16.pdf,https://kelly.house.gov
Texas,TX,16,Rep. Veronica Escobar (D),"784,072",937,0.12%,https://www.cooperative.com/programs-services/government-relations/Documents/state-info/Texas16.pdf,https://escobar.house.gov
California,CA,17,Rep. Ro Khanna (D),"762,984",0,0.00%,,https://khanna.house.gov
Florida,FL,17,Rep. W. Gregory Steube (R),"877,095","93,506",10.66%,https://www.cooperative.com/programs-services/government-relations/Documents/state-info/Florida17.pdf,https://steube.house.gov
Illinois,IL,17,Rep. Eric Sorensen (D),"743,507","54,221",7.29%,https://www.cooperative.com/programs-services/government-relations/Documents/state-info/Illinois17.pdf,https://sorensen.house.gov
New York,NY,17,Rep. Michael Lawler (R),"783,152",0,0.00%,,https://lawler.house.gov
Pennsylvania,PA,17,Rep. Christopher R. Deluzio (D),"753,416",138,0.02%,https://www.cooperative.com/programs-services/government-relations/Documents/state-info/Pennsylvania17.pdf,https://deluzio.house.gov
Texas,TX,17,Rep. Pete Sessions (R),"798,340","181,300",22.71%,https://www.cooperative.com/programs-services/government-relations/Documents/state-info/Texas17.pdf,https://sessions.house.gov
California,CA,18,Rep. Zoe Lofgren (D),"766,286",0,0.00%,,https://lofgren.house.gov
Florida,FL,18,Rep. Scott Franklin (R),"875,428","61,094",6.98%,https://www.cooperative.com/programs-services/government-relations/Documents/state-info/Florida18.pdf,https://franklin.house.gov
New York,NY,18,Rep. Patrick Ryan (D),"791,202",475,0.06%,https://www.cooperative.com/programs-services/government-relations/Documents/state-info/New%20York18.pdf,https://patryan.house.gov
Texas,TX,18,Vacant as of 1/15/26,"825,192",0,0.00%,,
California,CA,19,Rep. Jimmy Panetta (D),"741,135",0,0.00%,,https://panetta.house.gov
Florida,FL,19,Rep. Byron Donalds (R),"826,915","294,993",35.67%,https://www.cooperative.com/programs-services/government-relations/Documents/state-info/Florida19.pdf,https://donalds.house.gov
New York,NY,19,Rep. Josh Riley (D),"776,282","17,793",2.29%,https://www.cooperative.com/programs-services/government-relations/Documents/state-info/New%20York19.pdf,https://riley.house.gov
Texas,TX,19,Rep. Jodey C. Arrington (R),"787,118","225,373",28.63%,https://www.cooperative.com/programs-services/government-relations/Documents/state-info/Texas19.pdf,https://arrington.house.gov
Alabama,AL,02,Rep. Shomari Figures (D),"703,362","175,834",25.00%,https://www.cooperative.com/programs-services/government-relations/Documents/state-info/Alabama2.pdf,https://figures.house.gov
Arizona,AZ,02,Rep. Elijah Crane (R),"853,923","165,664",19.40%,https://www.cooperative.com/programs-services/government-relations/Documents/state-info/Arizona2.pdf,https://crane.house.gov
Arkansas,AR,02,Rep. J. French Hill (R),"773,214","169,337",21.90%,https://www.cooperative.com/programs-services/government-relations/Documents/state-info/Arkansas2.pdf,https://hill.house.gov
California,CA,02,Rep. Jared Huffman (D),"752,654","9,672",1.29%,https://www.cooperative.com/programs-services/government-relations/Documents/state-info/California2.pdf,https://huffman.house.gov
Colorado,CO,02,Rep. Joe Neguse (D),"728,333","168,709",23.16%,https://www.cooperative.com/programs-services/government-relations/Documents/state-info/Colorado2.pdf,https://neguse.house.gov
Connecticut,CT,02,Rep. Joe Courtney (D),"731,305",0,0.00%,,https://courtney.house.gov
Florida,FL,02,Rep. Neal P. Dunn (R),"819,004","298,557",36.45%,https://www.cooperative.com/programs-services/government-relations/Documents/state-info/Florida2.pdf,https://dunn.house.gov
Georgia,GA,02,"Rep. Sanford D. Bishop, Jr. (D)","757,227","286,888",37.89%,https://www.cooperative.com/programs-services/government-relations/Documents/state-info/Georgia2.pdf,https://bishop.house.gov
Hawaii,HI,02,Rep. Jill N. Tokuda (D),"727,086","75,300",10.36%,https://www.cooperative.com/programs-services/government-relations/Documents/state-info/Hawaii2.pdf,https://tokuda.house.gov
Idaho,ID,02,Rep. Michael K. Simpson (R),"967,957","63,655",6.58%,https://www.cooperative.com/programs-services/government-relations/Documents/state-info/Idaho2.pdf,https://simpson.house.gov
Illinois,IL,02,Rep. Robin L. Kelly (D),"732,352","18,305",2.50%,https://www.cooperative.com/programs-services/government-relations/Documents/state-info/Illinois2.pdf,https://robinkelly.house.gov
Indiana,IN,02,Rep. Rudy Yakym III (R),"751,821","106,141",14.12%,https://www.cooperative.com/programs-services/government-relations/Documents/state-info/Indiana2.pdf,https://yakym.house.gov
Iowa,IA,02,Rep. Ashley Hinson (R),"797,329","131,030",16.43%,https://www.cooperative.com/programs-services/government-relations/Documents/state-info/Iowa2.pdf,https://hinson.house.gov
Kansas,KS,02,Rep. Derek Schmidt (R),"739,248","105,057",14.21%,https://www.cooperative.com/programs-services/government-relations/Documents/state-info/Kansas2.pdf,https://schmidt.house.gov
Kentucky,KY,02,Rep. Brett Guthrie (R),"775,395","502,319",64.78%,https://www.cooperative.com/programs-services/government-relations/Documents/state-info/Kentucky2.pdf,https://guthrie.house.gov
Louisiana,LA,02,Rep. Troy A. Carter (D),"736,254","16,609",2.26%,https://www.cooperative.com/programs-services/government-relations/Documents/state-info/Louisiana2.pdf,https://troycarter.house.gov
Maine,ME,02,Rep. Jared F. Golden (D),"697,280","16,708",2.40%,https://www.cooperative.com/programs-services/government-relations/Documents/state-info/Maine2.pdf,https://golden.house.gov
Maryland,MD,02,"Rep. Johnny Olszewski, Jr. (D)","783,097",0,0.00%,,https://olszewski.house.gov
Massachusetts,MA,02,Rep. James P. McGovern (D),"801,772",0,0.00%,,https://mcgovern.house.gov
Michigan,MI,02,Rep. John R. Moolenaar (R),"788,872","135,028",17.12%,https://www.cooperative.com/programs-services/government-relations/Documents/state-info/Michigan2.pdf,https://moolenaar.house.gov
Minnesota,MN,02,Rep. Angie Craig (D),"746,020","352,962",47.31%,https://www.cooperative.com/programs-services/government-relations/Documents/state-info/Minnesota2.pdf,https://craig.house.gov
Mississippi,MS,02,Rep. Bennie G. Thompson (D),"694,703","237,109",34.13%,https://www.cooperative.com/programs-services/government-relations/Documents/state-info/Mississippi2.pdf,https://benniethompson.house.gov
Missouri,MO,02,Rep. Ann Wagner (R),"773,921","66,810",8.63%,https://www.cooperative.com/programs-services/government-relations/Documents/state-info/Missouri2.pdf,https://wagner.house.gov
Montana,MT,02,Rep. Troy Downing (R),"558,158","163,813",29.35%,https://www.cooperative.com/programs-services/government-relations/Documents/state-info/Montana2.pdf,https://downing.house.gov
Nebraska,NE,02,Rep. Don Bacon (R),"682,617","3,310",0.48%,https://www.cooperative.com/programs-services/government-relations/Documents/state-info/Nebraska2.pdf,https://bacon.house.gov
Nevada,NV,02,Rep. Mark E. Amodei (R),"802,677","28,109",3.50%,https://www.cooperative.com/programs-services/government-relations/Documents/state-info/Nevada2.pdf,https://amodei.house.gov
New Hampshire,NH,02,Rep. Maggie Goodlander (D),"700,189","48,023",6.86%,https://www.cooperative.com/programs-services/government-relations/Documents/state-info/New%20Hampshire2.pdf,https://goodlander.house.gov
New Jersey,NJ,02,Rep. Jefferson Van Drew (R),"794,193",0,0.00%,,https://vandrew.house.gov
New Mexico,NM,02,Rep. Gabe Vasquez (D),"710,491","95,627",13.46%,https://www.cooperative.com/programs-services/government-relations/Documents/state-info/New%20Mexico2.pdf,https://vasquez.house.gov
New York,NY,02,Rep. Andrew R. Garbarino (R),"777,625",0,0.00%,,https://garbarino.house.gov
North Carolina,NC,02,Rep. Deborah K. Ross (D),"790,747","41,240",5.22%,https://www.cooperative.com/programs-services/government-relations/Documents/state-info/North%20Carolina2.pdf,https://ross.house.gov
Ohio,OH,02,Rep. David J. Taylor (R),"790,454","178,314",22.56%,https://www.cooperative.com/programs-services/government-relations/Documents/state-info/Ohio2.pdf,https://taylor.house.gov
Oklahoma,OK,02,Rep. Josh Brecheen (R),"815,354",0,0.00%,,https://brecheen.house.gov
Oregon,OR,02,Rep. Cliff Bentz (R),"704,768","166,047",23.56%,https://www.cooperative.com/programs-services/government-relations/Documents/state-info/Oregon2.pdf,https://bentz.house.gov
Pennsylvania,PA,02,Rep. Brendan F. Boyle (D),"738,540",0,0.00%,,https://boyle.house.gov
Rhode Island,RI,02,Rep. Seth Magaziner (D),"556,563","1,821",0.33%,https://www.cooperative.com/programs-services/government-relations/Documents/state-info/Rhode%20Island2.pdf,https://magaziner.house.gov
South Carolina,SC,02,Rep. Joe Wilson (R),"764,414","248,893",32.56%,https://www.cooperative.com/programs-services/government-relations/Documents/state-info/South%20Carolina2.pdf,https://joewilson.house.gov
Tennessee,TN,02,Rep. Tim Burchett (R),"813,928","114,233",14.03%,https://www.cooperative.com/programs-services/government-relations/Documents/state-info/Tennessee2.pdf,https://burchett.house.gov
Texas,TX,02,Rep. Dan Crenshaw (R),"882,070","2,790",0.32%,https://www.cooperative.com/programs-services/government-relations/Documents/state-info/Texas2.pdf,https://crenshaw.house.gov
Utah,UT,02,Rep. Celeste Maloy (R),"880,783","65,500",7.44%,https://www.cooperative.com/programs-services/government-relations/Documents/state-info/Utah2.pdf,https://maloy.house.gov
Virginia,VA,02,Rep. Jennifer A. Kiggans (R),"788,048","81,571",10.35%,https://www.cooperative.com/programs-services/government-relations/Documents/state-info/Virginia2.pdf,https://kiggans.house.gov
Washington,WA,02,Rep. Rick Larsen (D),"789,531","18,536",2.35%,https://www.cooperative.com/programs-services/government-relations/Documents/state-info/Washington2.pdf,https://larsen.house.gov
West Virginia,WV,02,Rep. Riley M. Moore (R),"908,086","14,179",0.00%,https://www.cooperative.com/programs-services/government-relations/Documents/state-info/West%20Virginia2.pdf,https://rileymoore.house.gov
Wisconsin,WI,02,Rep. Mark Pocan (D),"763,361",0,0.09%,,https://pocan.house.gov
California,CA,20,Rep. Vince Fong (R),"816,324",0,0.00%,,https://fong.house.gov
Florida,FL,20,Rep. Sheila Cherfilus-McCormick (D),"818,131",0,0.00%,,https://cherfilus-mccormick.house.gov
New York,NY,20,Rep. Paul Tonko (D),"790,733",0,0.00%,,https://tonko.house.gov
Texas,TX,20,Rep. Joaquin Castro (D),"766,778",0,0.00%,,https://castro.house.gov
California,CA,21,Rep. Jim Costa (D),"775,200",0,0.00%,,https://costa.house.gov
Florida,FL,21,Rep. Brian J. Mast (R),"859,087",0,0.00%,,https://mast.house.gov
New York,NY,21,Rep. Elise M. Stefanik (R),"767,674",447,0.06%,https://www.cooperative.com/programs-services/government-relations/Documents/state-info/New%20York21.pdf,https://stefanik.house.gov
Texas,TX,21,Rep. Chip Roy (R),"846,025","253,086",29.91%,https://www.cooperative.com/programs-services/government-relations/Documents/state-info/Texas21.pdf,https://roy.house.gov
California,CA,22,Rep. David G. Valadao (R),"770,684",0,0.00%,,https://valadao.house.gov
Florida,FL,22,Rep. Lois Frankel (D),"804,159",0,0.00%,,https://frankel.house.gov
New York,NY,22,Rep. John W. Mannion (D),"765,288","4,613",0.60%,https://www.cooperative.com/programs-services/government-relations/Documents/state-info/New%20York22.pdf,https://mannion.house.gov
Texas,TX,22,Rep. Troy E. Nehls (R),"894,683","31,703",3.54%,https://www.cooperative.com/programs-services/government-relations/Documents/state-info/Texas22.pdf,https://nehls.house.gov
California,CA,23,Rep. Jay Obernolte (R),"758,179",0,0.00%,,https://obernolte.house.gov
Florida,FL,23,Rep. Jared Moskowitz (D),"802,266",0,0.00%,,https://moskowitz.house.gov
New York,NY,23,Rep. Nicholas A. Langworthy (R),"773,707","13,464",1.74%,https://www.cooperative.com/programs-services/government-relations/Documents/state-info/New%20York23.pdf,https://langworthy.house.gov
Texas,TX,23,Rep. Tony Gonzales (R),"806,011","98,417",12.21%,https://www.cooperative.com/programs-services/government-relations/Documents/state-info/Texas23.pdf,https://gonzales.house.gov
California,CA,24,Rep. Salud O. Carbajal (D),"756,496",0,0.00%,,https://carbajal.house.gov
Florida,FL,24,Rep. Frederica S. Wilson (D),"830,040",0,0.00%,,https://wilson.house.gov
New York,NY,24,Rep. Claudia Tenney (R),"772,889",705,0.09%,https://www.cooperative.com/programs-services/government-relations/Documents/state-info/New%20York24.pdf,https://tenney.house.gov
Texas,TX,24,Rep. Beth Van Duyne (R),"772,892","129,310",16.73%,https://www.cooperative.com/programs-services/government-relations/Documents/state-info/Texas24.pdf,https://vanduyne.house.gov
California,CA,25,Rep. Raul Ruiz (D),"792,416",777,0.10%,https://www.cooperative.com/programs-services/government-relations/Documents/state-info/California25.pdf,https://ruiz.house.gov
Florida,FL,25,Rep. Debbie Wasserman Schultz (D),"807,029",0,0.00%,,https://wassermanschultz.house.gov
New York,NY,25,Rep. Joseph D. Morelle (D),"768,525",0,0.00%,,https://morelle.house.gov
Texas,TX,25,Rep. Roger Williams (R),"826,421","214,781",25.99%,https://www.cooperative.com/programs-services/government-relations/Documents/state-info/Texas25.pdf,https://williams.house.gov
California,CA,26,Rep. Julia Brownley (D),"751,974",0,0.00%,,https://juliabrownley.house.gov
Florida,FL,26,Rep. Mario Diaz-Balart (R),"851,047",446,0.05%,https://www.cooperative.com/programs-services/government-relations/Documents/state-info/Florida26.pdf,https://mariodiazbalart.house.gov
New York,NY,26,Rep. Timothy M. Kennedy (D),"760,693",0,0.00%,,https://kennedy.house.gov
Texas,TX,26,Rep. Brandon Gill (R),"884,703","402,973",45.55%,https://www.cooperative.com/programs-services/government-relations/Documents/state-info/Texas26.pdf,https://gill.house.gov
California,CA,27,Rep. George Whitesides (D),"748,971",0,0.00%,,https://whitesides.house.gov
Florida,FL,27,Rep. Maria Elvira Salazar (R),"788,713",0,0.00%,,https://salazar.house.gov
Texas,TX,27,Rep. Michael Cloud (R),"793,985","251,874",31.72%,https://www.cooperative.com/programs-services/government-relations/Documents/state-info/Texas27.pdf,https://cloud.house.gov
California,CA,28,Rep. Judy Chu (D),"750,492",0,0.00%,,https://chu.house.gov
Florida,FL,28,Rep. Carlos A. Gimenez (R),"791,591","41,642",5.26%,https://www.cooperative.com/programs-services/government-relations/Documents/state-info/Florida28.pdf,https://gimenez.house.gov
Texas,TX,28,Rep. Henry Cuellar (D),"825,116","176,532",21.39%,https://www.cooperative.com/programs-services/government-relations/Documents/state-info/Texas28.pdf,https://cuellar.house.gov
California,CA,29,Rep. Luz M. Rivas (D),"724,033",0,0.00%,,https://rivas.house.gov
Texas,TX,29,Rep. Sylvia R. Garcia (D),"755,796",0,0.00%,,https://sylviagarcia.house.gov
Alabama,AL,03,Rep. Mike Rogers (R),"737,665","121,616",16.49%,https://www.cooperative.com/programs-services/government-relations/Documents/state-info/Alabama3.pdf,https://mikerogers.house.gov
Arizona,AZ,03,Rep. Yassamin Ansari (D),"834,750",0,0.00%,,https://ansari.house.gov
Arkansas,AR,03,Rep. Steve Womack (R),"816,102","429,900",52.68%,https://www.cooperative.com/programs-services/government-relations/Documents/state-info/Arkansas3.pdf,https://womack.house.gov
California,CA,03,Rep. Kevin Kiley (R),"807,351","20,372",2.52%,https://www.cooperative.com/programs-services/government-relations/Documents/state-info/California3.pdf,https://kiley.house.gov
Colorado,CO,03,Rep. Jeff Hurd (R),"742,698","357,074",48.08%,https://www.cooperative.com/programs-services/government-relations/Documents/state-info/Colorado3.pdf,https://hurd.house.gov
Connecticut,CT,03,Rep. Rosa L. DeLauro (D),"741,529",0,0.00%,,https://delauro.house.gov
Florida,FL,03,Rep. Kat Cammack (R),"845,635","352,892",41.73%,https://www.cooperative.com/programs-services/government-relations/Documents/state-info/Florida3.pdf,https://cammack.house.gov
Georgia,GA,03,Rep. Brian Jack (R),"799,818","520,326",65.06%,https://www.cooperative.com/programs-services/government-relations/Documents/state-info/Georgia3.pdf,https://jack.house.gov
Illinois,IL,03,Rep. Delia C. Ramirez (D),"732,771",0,0.00%,,https://ramirez.house.gov
Indiana,IN,03,Rep. Marlin A. Stutzman (R),"774,688","185,007",23.88%,https://www.cooperative.com/programs-services/government-relations/Documents/state-info/Indiana3.pdf,https://stutzman.house.gov
Iowa,IA,03,Rep. Zachary Nunn (R),"837,909","74,221",8.86%,https://www.cooperative.com/programs-services/government-relations/Documents/state-info/Iowa3.pdf,https://nunn.house.gov
Kansas,KS,03,Rep. Sharice Davids (D),"754,087","5,347",0.71%,https://www.cooperative.com/programs-services/government-relations/Documents/state-info/Kansas3.pdf,https://davids.house.gov
Kentucky,KY,03,Rep. Morgan McGarvey (D),"763,950",0,0.00%,,https://mcgarvey.house.gov
Louisiana,LA,03,Rep. Clay Higgins (R),"777,847","237,801",30.57%,https://www.cooperative.com/programs-services/government-relations/Documents/state-info/Louisiana3.pdf,https://clayhiggins.house.gov
Maryland,MD,03,Rep. Sarah Elfreth (D),"782,840",0,0.00%,,https://elfreth.house.gov
Massachusetts,MA,03,Rep. Lori Trahan (D),"792,213",0,0.00%,,https://trahan.house.gov
Michigan,MI,03,Rep. Hillary J. Scholten (D),"791,175","2,217",0.28%,https://www.cooperative.com/programs-services/government-relations/Documents/state-info/Michigan3.pdf,https://scholten.house.gov
Minnesota,MN,03,Rep. Kelly Morrison (D),"710,658","127,532",17.95%,https://www.cooperative.com/programs-services/government-relations/Documents/state-info/Minnesota3.pdf,https://morrison.house.gov
Mississippi,MS,03,Rep. Michael Guest (R),"734,735","366,441",49.87%,https://www.cooperative.com/programs-services/government-relations/Documents/state-info/Mississippi3.pdf,https://guest.house.gov
Missouri,MO,03,"Rep. Robert F. Onder, Jr. (R)","799,877","238,683",29.84%,https://www.cooperative.com/programs-services/government-relations/Documents/state-info/Missouri3.pdf,https://onder.house.gov
Nebraska,NE,03,Rep. Adrian Smith (R),"649,934","270,312",41.59%,https://www.cooperative.com/programs-services/government-relations/Documents/state-info/Nebraska3.pdf,https://adriansmith.house.gov
Nevada,NV,03,Rep. Susie Lee (D),"839,433","2,040",0.24%,https://www.cooperative.com/programs-services/government-relations/Documents/state-info/Nevada3.pdf,https://susielee.house.gov
New Jersey,NJ,03,"Rep. Herbert C. Conaway, Jr. (D)","795,627",0,0.00%,,https://conaway.house.gov
New Mexico,NM,03,Rep. Teresa Leger Fernandez (D),"708,684","275,195",38.83%,https://www.cooperative.com/programs-services/government-relations/Documents/state-info/New%20Mexico3.pdf,https://fernandez.house.gov
New York,NY,03,Rep. Thomas R. Suozzi (D),"775,796",0,0.00%,,https://suozzi.house.gov
North Carolina,NC,03,Rep. Gregory F. Murphy (R),"775,182","330,157",42.59%,https://www.cooperative.com/programs-services/government-relations/Documents/state-info/North%20Carolina3.pdf,https://murphy.house.gov
Ohio,OH,03,Rep. Joyce Beatty (D),"787,191",428,0.05%,https://www.cooperative.com/programs-services/government-relations/Documents/state-info/Ohio3.pdf,https://beatty.house.gov
Oklahoma,OK,03,Rep. Frank D. Lucas (R),"797,016","252,574",31.69%,https://www.cooperative.com/programs-services/government-relations/Documents/state-info/Oklahoma3.pdf,https://lucas.house.gov
Oregon,OR,03,Rep. Maxine Dexter (D),"700,007","9,721",1.39%,https://www.cooperative.com/programs-services/government-relations/Documents/state-info/Oregon3.pdf,https://dexter.house.gov
Pennsylvania,PA,03,Rep. Dwight Evans (D),"767,563",0,0.00%,,https://evans.house.gov
South Carolina,SC,03,Rep. Sheri Biggs (R),"766,747","268,551",35.02%,https://www.cooperative.com/programs-services/government-relations/Documents/state-info/South%20Carolina3.pdf,https://sheribiggs.house.gov
Tennessee,TN,03,"Rep. Charles J. ""Chuck"" Fleischmann (R)","809,872","179,353",22.15%,https://www.cooperative.com/programs-services/government-relations/Documents/state-info/Tennessee3.pdf,https://fleischmann.house.gov
Texas,TX,03,Rep. Keith Self (R),"920,628","379,927",41.27%,https://www.cooperative.com/programs-services/government-relations/Documents/state-info/Texas3.pdf,https://keithself.house.gov
Utah,UT,03,Rep. Mike Kennedy (R),"830,117","40,017",4.82%,https://www.cooperative.com/programs-services/government-relations/Documents/state-info/Utah3.pdf,https://mikekennedy.house.gov
Virginia,VA,03,"Rep. Robert C. ""Bobby"" Scott (D)","775,248",0,0.00%,,https://bobbyscott.house.gov
Washington,WA,03,Rep. Marie Gluesenkamp Perez (D),"802,855",0,0.00%,,https://gluesenkampperez.house.gov
Wisconsin,WI,03,Rep. Derrick Van Orden (R),"740,873","223,982",4.61%,https://www.cooperative.com/programs-services/government-relations/Documents/state-info/Wisconsin3.pdf,https://vanorden.house.gov
California,CA,30,Rep. Laura Friedman (D),"741,397",0,0.00%,,https://friedman.house.gov
Texas,TX,30,Rep. Jasmine Crockett (D),"788,414","3,060",0.39%,https://www.cooperative.com/programs-services/government-relations/Documents/state-info/Texas30.pdf,https://crockett.house.gov
California,CA,31,"Rep. Gilbert Ray Cisneros, Jr. (D)","724,696",0,0.00%,,https://cisneros.house.gov
Texas,TX,31,Rep. John R. Carter (R),"901,458","316,117",35.07%,https://www.cooperative.com/programs-services/government-relations/Documents/state-info/Texas31.pdf,https://carter.house.gov
California,CA,32,Rep. Brad Sherman (D),"763,344",0,0.00%,,https://sherman.house.gov
Texas,TX,32,Rep. Julie Johnson (D),"765,626","4,290",0.56%,https://www.cooperative.com/programs-services/government-relations/Documents/state-info/Texas32.pdf,https://juliejohnson.house.gov
California,CA,33,Rep. Pete Aguilar (D),"783,103",0,0.00%,,https://aguilar.house.gov
Texas,TX,33,Rep. Marc A. Veasey (D),"790,618",0,0.00%,,https://veasey.house.gov
California,CA,34,Rep. Jimmy Gomez (D),"754,617",0,0.00%,,https://gomez.house.gov
Texas,TX,34,Rep. Vicente Gonzalez (D),"796,178","216,338",27.17%,https://www.cooperative.com/programs-services/government-relations/Documents/state-info/Texas34.pdf,https://gonzalez.house.gov
California,CA,35,Rep. Norma J. Torres (D),"764,929",0,0.00%,,https://torres.house.gov
Texas,TX,35,Rep. Greg Casar (D),"873,155","119,101",13.64%,https://www.cooperative.com/programs-services/government-relations/Documents/state-info/Texas35.pdf,https://casar.house.gov
California,CA,36,Rep. Ted Lieu (D),"754,490",0,0.00%,,https://lieu.house.gov
Texas,TX,36,Rep. Brian Babin (R),"816,162","107,674",13.19%,https://www.cooperative.com/programs-services/government-relations/Documents/state-info/Texas36.pdf,https://babin.house.gov
California,CA,37,Rep. Sydney Kamlager-Dove (D),"744,775",0,0.00%,,https://kamlager-dove.house.gov
Texas,TX,37,Rep. Lloyd Doggett (D),"775,784","210,974",27.19%,https://www.cooperative.com/programs-services/government-relations/Documents/state-info/Texas37.pdf,https://doggett.house.gov
California,CA,38,Rep. Linda T. Sánchez (D),"722,610",0,0.00%,,https://lindasanchez.house.gov
California,CA,39,Rep. Mark Takano (D),"780,819",0,0.00%,,https://takano.house.gov
Alabama,AL,04,Rep. Robert B. Aderholt (R),"735,310","251,815",34.25%,https://www.cooperative.com/programs-services/government-relations/Documents/state-info/Alabama4.pdf,https://aderholt.house.gov
Arizona,AZ,04,Rep. Greg Stanton (D),"793,264",0,0.00%,,https://stanton.house.gov
Arkansas,AR,04,Rep. Bruce Westerman (R),"744,382","235,050",31.58%,https://www.cooperative.com/programs-services/government-relations/Documents/state-info/Arkansas4.pdf,https://westerman.house.gov
California,CA,04,Rep. Mike Thompson (D),"760,875",0,0.00%,,https://mikethompson.house.gov
Colorado,CO,04,Rep. Lauren Boebert (R),"789,599","363,154",45.99%,https://www.cooperative.com/programs-services/government-relations/Documents/state-info/Colorado4.pdf,https://boebert.house.gov
Connecticut,CT,04,Rep. James A. Himes (D),"739,251",0,0.00%,,https://himes.house.gov
Florida,FL,04,Rep. Aaron Bean (R),"842,213","211,700",25.14%,https://www.cooperative.com/programs-services/government-relations/Documents/state-info/Florida4.pdf,https://bean.house.gov
Georgia,GA,04,"Rep. Henry C. ""Hank"" Johnson, Jr. (D)","759,754","127,382",16.77%,https://www.cooperative.com/programs-services/government-relations/Documents/state-info/Georgia4.pdf,https://hankjohnson.house.gov
Illinois,IL,04,"Rep. Jesús G. ""Chuy"" García (D)","712,078",0,0.00%,,https://chuygarcia.house.gov
Indiana,IN,04,Rep. James R. Baird (R),"789,018","297,342",37.69%,https://www.cooperative.com/programs-services/government-relations/Documents/state-info/Indiana4.pdf,https://baird.house.gov
Iowa,IA,04,Rep. Randy Feenstra (R),"801,546","131,197",16.37%,https://www.cooperative.com/programs-services/government-relations/Documents/state-info/Iowa4.pdf,https://feenstra.house.gov
Kansas,KS,04,Rep. Ron Estes (R),"745,885","76,663",10.28%,https://www.cooperative.com/programs-services/government-relations/Documents/state-info/Kansas4.pdf,https://estes.house.gov
Kentucky,KY,04,Rep. Thomas Massie (R),"776,082","291,259",37.53%,https://www.cooperative.com/programs-services/government-relations/Documents/state-info/Kentucky4.pdf,https://massie.house.gov
Louisiana,LA,04,Rep. Mike Johnson (R),"767,466","158,598",20.67%,https://www.cooperative.com/programs-services/government-relations/Documents/state-info/Louisiana4.pdf,https://mikejohnson.house.gov
Maryland,MD,04,Rep. Glenn Ivey (D),"763,420",0,0.00%,,https://ivey.house.gov
Massachusetts,MA,04,Rep. Jake Auchincloss (D),"802,402",0,0.00%,,https://auchincloss.house.gov
Michigan,MI,04,Rep. Bill Huizenga (R),"785,367","29,422",3.75%,https://www.cooperative.com/programs-services/government-relations/Documents/state-info/Michigan4.pdf,https://huizenga.house.gov
Minnesota,MN,04,Rep. Betty McCollum (D),"708,464","10,204",1.44%,https://www.cooperative.com/programs-services/government-relations/Documents/state-info/Minnesota4.pdf,https://mccollum.house.gov
Mississippi,MS,04,Rep. Mike Ezell (R),"759,824","560,051",73.71%,https://www.cooperative.com/programs-services/government-relations/Documents/state-info/Mississippi4.pdf,https://ezell.house.gov
Missouri,MO,04,Rep. Mark Alford (R),"784,156","395,505",50.44%,https://www.cooperative.com/programs-services/government-relations/Documents/state-info/Missouri4.pdf,https://alford.house.gov
Nevada,NV,04,Rep. Steven Horsford (D),"833,125","82,825",9.94%,https://www.cooperative.com/programs-services/government-relations/Documents/state-info/Nevada4.pdf,https://horsford.house.gov
New Jersey,NJ,04,Rep. Christopher H. Smith (R),"795,125",0,0.00%,,https://chrissmith.house.gov
New York,NY,04,Rep. Laura Gillen (D),"777,491",0,0.00%,,https://gillen.house.gov
North Carolina,NC,04,Rep. Valerie P. Foushee (D),"804,357","44,027",5.47%,https://www.cooperative.com/programs-services/government-relations/Documents/state-info/North%20Carolina4.pdf,https://foushee.house.gov
Ohio,OH,04,Rep. Jim Jordan (R),"810,105","147,218",18.17%,https://www.cooperative.com/programs-services/government-relations/Documents/state-info/Ohio4.pdf,https://jordan.house.gov
Oklahoma,OK,04,Rep. Tom Cole (R),"819,271","232,792",28.41%,https://www.cooperative.com/programs-services/government-relations/Documents/state-info/Oklahoma4.pdf,https://cole.house.gov
Oregon,OR,04,Rep. Val T. Hoyle (D),"712,690","107,175",15.04%,https://www.cooperative.com/programs-services/government-relations/Documents/state-info/Oregon4.pdf,https://hoyle.house.gov
Pennsylvania,PA,04,Rep. Madeleine Dean (D),"786,204",0,0.00%,,https://dean.house.gov
South Carolina,SC,04,Rep. William R. Timmons IV (R),"810,387","101,611",12.54%,https://www.cooperative.com/programs-services/government-relations/Documents/state-info/South%20Carolina4.pdf,https://timmons.house.gov
Tennessee,TN,04,Rep. Scott DesJarlais (R),"826,508","603,590",73.03%,https://www.cooperative.com/programs-services/government-relations/Documents/state-info/Tennessee4.pdf,https://desjarlais.house.gov
Texas,TX,04,Rep. Pat Fallon (R),"874,662","340,534",38.93%,https://www.cooperative.com/programs-services/government-relations/Documents/state-info/Texas4.pdf,https://fallon.house.gov
Utah,UT,04,Rep. Burgess Owens (R),"920,865","13,003",1.41%,https://www.cooperative.com/programs-services/government-relations/Documents/state-info/Utah4.pdf,https://owens.house.gov
Virginia,VA,04,Rep. Jennifer L. McClellan (D),"810,465","64,574",7.97%,https://www.cooperative.com/programs-services/government-relations/Documents/state-info/Virginia4.pdf,https://mcclellan.house.gov
Washington,WA,04,Rep. Dan Newhouse (R),"794,949","50,462",6.35%,https://www.cooperative.com/programs-services/government-relations/Documents/state-info/Washington4.pdf,https://newhouse.house.gov
Wisconsin,WI,04,Rep. Gwen Moore (D),"722,345",705,0.00%,https://www.cooperative.com/programs-services/government-relations/Documents/state-info/Wisconsin4.pdf,https://gwenmoore.house.gov
California,CA,40,Rep. Young Kim (R),"744,076",0,0.00%,,https://youngkim.house.gov
California,CA,41,Rep. Ken Calvert (R),"824,187","6,973",0.85%,https://www.cooperative.com/programs-services/government-relations/Documents/state-info/California41.pdf,https://calvert.house.gov
California,CA,42,Rep. Robert Garcia (D),"722,218",0,0.00%,,https://robertgarcia.house.gov
California,CA,43,Rep. Maxine Waters (D),"719,690",0,0.00%,,https://waters.house.gov
California,CA,44,Rep. Nanette Diaz Barragán (D),"742,823",0,0.00%,,https://barragan.house.gov
California,CA,45,Rep. Derek Tran (D),"741,928",0,0.00%,,https://tran.house.gov
California,CA,46,Rep. J. Luis Correa (D),"763,396",0,0.00%,,https://correa.house.gov
California,CA,47,Rep. Dave Min (D),"756,257",0,0.00%,,https://min.house.gov
California,CA,48,Rep. Darrell Issa (R),"768,439","2,634",0.34%,https://www.cooperative.com/programs-services/government-relations/Documents/state-info/California48.pdf,https://issa.house.gov
California,CA,49,Rep. Mike Levin (D),"748,243",0,0.00%,,https://levin.house.gov
Alabama,AL,05,Rep. Dale W. Strong (R),"773,877","130,297",16.84%,https://www.cooperative.com/programs-services/government-relations/Documents/state-info/Alabama5.pdf,https://strong.house.gov
Arizona,AZ,05,Rep. Andy Biggs (R),"902,036",0,0.00%,,https://biggs.house.gov
California,CA,05,Rep. Tom McClintock (R),"772,810",0,0.00%,,https://mcclintock.house.gov
Colorado,CO,05,Rep. Jeff Crank (R),"745,409","117,742",15.80%,https://www.cooperative.com/programs-services/government-relations/Documents/state-info/Colorado5.pdf,https://crank.house.gov
Connecticut,CT,05,Rep. Jahana Hayes (D),"728,034",0,0.00%,,https://hayes.house.gov
Florida,FL,05,Rep. John H. Rutherford (R),"852,413",0,0.00%,,https://rutherford.house.gov
Georgia,GA,05,Rep. Nikema Williams (D),"771,555",0,0.00%,,https://nikemawilliams.house.gov
Illinois,IL,05,Rep. Mike Quigley (D),"773,710",0,0.00%,,https://quigley.house.gov
Indiana,IN,05,Rep. Victoria Spartz (R),"791,265","16,509",2.09%,https://www.cooperative.com/programs-services/government-relations/Documents/state-info/Indiana5.pdf,https://spartz.house.gov
Kentucky,KY,05,Rep. Harold Rogers (R),"736,508","388,225",52.71%,https://www.cooperative.com/programs-services/government-relations/Documents/state-info/Kentucky5.pdf,https://halrogers.house.gov
Louisiana,LA,05,Rep. Julia Letlow (R),"763,961","293,209",38.38%,https://www.cooperative.com/programs-services/government-relations/Documents/state-info/Louisiana5.pdf,https://letlow.house.gov
Maryland,MD,05,Rep. Steny H. Hoyer (D),"805,367","405,983",50.41%,https://www.cooperative.com/programs-services/government-relations/Documents/state-info/Maryland5.pdf,https://hoyer.house.gov
Massachusetts,MA,05,Rep. Katherine M. Clark (D),"790,877",0,0.00%,,https://katherineclark.house.gov
Michigan,MI,05,Rep. Tim Walberg (R),"775,260","48,647",6.27%,https://www.cooperative.com/programs-services/government-relations/Documents/state-info/Michigan5.pdf,https://walberg.house.gov
Minnesota,MN,05,Rep. Ilhan Omar (D),"705,006",0,0.00%,,https://omar.house.gov
Missouri,MO,05,Rep. Emanuel Cleaver (D),"776,496","8,336",1.07%,https://www.cooperative.com/programs-services/government-relations/Documents/state-info/Missouri5.pdf,https://cleaver.house.gov
New Jersey,NJ,05,Rep. Josh Gottheimer (D),"794,119","28,367",3.57%,https://www.cooperative.com/programs-services/government-relations/Documents/state-info/New%20Jersey5.pdf,https://gottheimer.house.gov
New York,NY,05,Rep. Gregory W. Meeks (D),"766,680",0,0.00%,,https://meeks.house.gov
North Carolina,NC,05,Rep. Virginia Foxx (R),"755,224","217,328",28.78%,https://www.cooperative.com/programs-services/government-relations/Documents/state-info/North%20Carolina5.pdf,https://foxx.house.gov
Ohio,OH,05,Rep. Robert E. Latta (R),"796,997","112,890",14.16%,https://www.cooperative.com/programs-services/government-relations/Documents/state-info/Ohio5.pdf,https://latta.house.gov
Oklahoma,OK,05,Rep. Stephanie I. Bice (R),"836,356","84,691",10.13%,https://www.cooperative.com/programs-services/government-relations/Documents/state-info/Oklahoma5.pdf,https://bice.house.gov
Oregon,OR,05,Rep. Janelle S. Bynum (D),"717,312","80,728",11.25%,https://www.cooperative.com/programs-services/government-relations/Documents/state-info/Oregon5.pdf,https://bynum.house.gov
Pennsylvania,PA,05,Rep. Mary Gay Scanlon (D),"768,273",0,0.00%,,https://scanlon.house.gov
South Carolina,SC,05,Rep. Ralph Norman (R),"782,718","321,781",41.11%,https://www.cooperative.com/programs-services/government-relations/Documents/state-info/South%20Carolina5.pdf,https://norman.house.gov
Tennessee,TN,05,Rep. Andrew Ogles (R),"835,216","303,107",36.29%,https://www.cooperative.com/programs-services/government-relations/Documents/state-info/Tennessee5.pdf,https://ogles.house.gov
Texas,TX,05,Rep. Lance Gooden (R),"856,312","254,292",29.70%,https://www.cooperative.com/programs-services/government-relations/Documents/state-info/Texas5.pdf,https://gooden.house.gov
Virginia,VA,05,Rep. John J. McGuire III (R),"805,334","258,004",32.04%,https://www.cooperative.com/programs-services/government-relations/Documents/state-info/Virginia5.pdf,https://mcguire.house.gov
Washington,WA,05,Rep. Michael Baumgartner (R),"801,690","111,226",13.87%,https://www.cooperative.com/programs-services/government-relations/Documents/state-info/Washington5.pdf,https://baumgartner.house.gov
Wisconsin,WI,05,Rep. Scott Fitzgerald (R),"750,363","34,156",26.74%,https://www.cooperative.com/programs-services/government-relations/Documents/state-info/Wisconsin5.pdf,https://fitzgerald.house.gov
California,CA,50,Rep. Scott H. Peters (D),"759,815",0,0.00%,,https://scottpeters.house.gov
California,CA,51,Rep. Sara Jacobs (D),"766,304",0,0.00%,,https://sarajacobs.house.gov
California,CA,52,Rep. Juan Vargas (D),"756,396",0,0.00%,,https://vargas.house.gov
Alabama,AL,06,Rep. Gary J. Palmer (R),"728,184","98,908",13.58%,https://www.cooperative.com/programs-services/government-relations/Documents/state-info/Alabama6.pdf,https://palmer.house.gov
Arizona,AZ,06,Rep. Juan Ciscomani (R),"833,838","191,208",22.93%,https://www.cooperative.com/programs-services/government-relations/Documents/state-info/Arizona6.pdf,https://ciscomani.house.gov
California,CA,06,Rep. Ami Bera (D),"761,692",0,0.00%,,https://bera.house.gov
Colorado,CO,06,Rep. Jason Crow (D),"730,108","56,602",7.75%,https://www.cooperative.com/programs-services/government-relations/Documents/state-info/Colorado6.pdf,https://crow.house.gov
Florida,FL,06,Rep. Randy Fine (R),"834,806","154,854",18.55%,https://www.cooperative.com/programs-services/government-relations/Documents/state-info/Florida6.pdf,https://fine.house.gov
Georgia,GA,06,Rep. Lucy McBath (D),"803,570","238,312",29.66%,https://www.cooperative.com/programs-services/government-relations/Documents/state-info/Georgia6.pdf,https://mcbath.house.gov
Illinois,IL,06,Rep. Sean Casten (D),"764,465",0,0.00%,,https://casten.house.gov
Indiana,IN,06,Rep. Jefferson Shreve (R),"777,157","195,272",25.13%,https://www.cooperative.com/programs-services/government-relations/Documents/state-info/Indiana6.pdf,https://shreve.house.gov
Kentucky,KY,06,Rep. Andy Barr (R),"777,299","205,408",26.43%,https://www.cooperative.com/programs-services/government-relations/Documents/state-info/Kentucky6.pdf,https://barr.house.gov
Louisiana,LA,06,Rep. Cleo Fields (D),"753,643","152,133",20.19%,https://www.cooperative.com/programs-services/government-relations/Documents/state-info/Louisiana6.pdf,https://fields.house.gov
Maryland,MD,06,Rep. April McClain Delaney (D),"821,685","3,413",0.42%,https://www.cooperative.com/programs-services/government-relations/Documents/state-info/Maryland6.pdf,https://mcclaindelaney.house.gov
Massachusetts,MA,06,Rep. Seth Moulton (D),"796,651",0,0.00%,,https://moulton.house.gov
Michigan,MI,06,Rep. Debbie Dingell (D),"768,949",0,0.00%,,https://debbiedingell.house.gov
Minnesota,MN,06,Rep. Tom Emmer (R),"755,084","343,051",45.43%,https://www.cooperative.com/programs-services/government-relations/Documents/state-info/Minnesota6.pdf,https://emmer.house.gov
Missouri,MO,06,Rep. Sam Graves (R),"788,896","265,466",33.65%,https://www.cooperative.com/programs-services/government-relations/Documents/state-info/Missouri6.pdf,https://graves.house.gov
New Jersey,NJ,06,"Rep. Frank Pallone, Jr. (D)","786,792",0,0.00%,,https://pallone.house.gov
New York,NY,06,Rep. Grace Meng (D),"726,418",0,0.00%,,https://meng.house.gov
North Carolina,NC,06,Rep. Addison P. McDowell (R),"794,243","101,705",12.81%,https://www.cooperative.com/programs-services/government-relations/Documents/state-info/North%20Carolina6.pdf,https://mcdowell.house.gov
Ohio,OH,06,Rep. Michael A. Rulli (R),"775,304","72,184",9.31%,https://www.cooperative.com/programs-services/government-relations/Documents/state-info/Ohio6.pdf,https://rulli.house.gov
Oregon,OR,06,Rep. Andrea Salinas (D),"720,968","48,049",6.66%,https://www.cooperative.com/programs-services/government-relations/Documents/state-info/Oregon6.pdf,https://salinas.house.gov
Pennsylvania,PA,06,Rep. Chrissy Houlahan (D),"796,009",0,0.00%,,https://houlahan.house.gov
South Carolina,SC,06,Rep. James E. Clyburn (D),"762,934","198,284",25.99%,https://www.cooperative.com/programs-services/government-relations/Documents/state-info/South%20Carolina6.pdf,https://clyburn.house.gov
Tennessee,TN,06,Rep. John W. Rose (R),"803,181","456,089",56.79%,https://www.cooperative.com/programs-services/government-relations/Documents/state-info/Tennessee6.pdf,https://johnrose.house.gov
Texas,TX,06,Rep. Jake Ellzey (R),"848,575","179,372",21.14%,https://www.cooperative.com/programs-services/government-relations/Documents/state-info/Texas6.pdf,https://ellzey.house.gov
Virginia,VA,06,Rep. Ben Cline (R),"797,837","323,462",40.54%,https://www.cooperative.com/programs-services/government-relations/Documents/state-info/Virginia6.pdf,https://cline.house.gov
Washington,WA,06,Rep. Emily Randall (D),"799,758","104,325",13.04%,https://www.cooperative.com/programs-services/government-relations/Documents/state-info/Washington6.pdf,https://randall.house.gov
Wisconsin,WI,06,Rep. Glenn Grothman (R),"743,039",0,3.92%,,https://grothman.house.gov
Alabama,AL,07,Rep. Terri A. Sewell (D),"718,912","78,682",10.94%,https://www.cooperative.com/programs-services/government-relations/Documents/state-info/Alabama7.pdf,https://sewell.house.gov
Arizona,AZ,07,Rep. Adelita S. Grijalva (D),"813,289","71,793",8.83%,https://www.cooperative.com/programs-services/government-relations/Documents/state-info/Arizona7.pdf,https://grijalva.house.gov/
California,CA,07,Rep. Doris O. Matsui (D),"764,481",0,0.00%,,https://matsui.house.gov
Colorado,CO,07,Rep. Brittany Pettersen (D),"728,241","95,910",13.17%,https://www.cooperative.com/programs-services/government-relations/Documents/state-info/Colorado7.pdf,https://pettersen.house.gov
Florida,FL,07,Rep. Cory Mills (R),"813,213",0,0.00%,,https://mills.house.gov
Georgia,GA,07,Rep. Richard McCormick (R),"815,698","543,894",66.68%,https://www.cooperative.com/programs-services/government-relations/Documents/state-info/Georgia7.pdf,https://mccormick.house.gov
Illinois,IL,07,Rep. Danny K. Davis (D),"760,384",0,0.00%,,https://davis.house.gov
Indiana,IN,07,Rep. André Carson (D),"757,121",0,0.00%,,https://carson.house.gov
Maryland,MD,07,Rep. Kweisi Mfume (D),"741,484",0,0.00%,,https://mfume.house.gov
Massachusetts,MA,07,Rep. Ayanna Pressley (D),"789,900",0,0.00%,,https://pressley.house.gov
Michigan,MI,07,Rep. Tom Barrett (R),"792,585","10,905",1.38%,https://www.cooperative.com/programs-services/government-relations/Documents/state-info/Michigan7.pdf,https://barrett.house.gov
Minnesota,MN,07,Rep. Michelle Fischbach (R),"722,392","324,976",44.99%,https://www.cooperative.com/programs-services/government-relations/Documents/state-info/Minnesota7.pdf,https://fischbach.house.gov
Missouri,MO,07,Rep. Eric Burlison (R),"803,037","260,420",32.43%,https://www.cooperative.com/programs-services/government-relations/Documents/state-info/Missouri7.pdf,https://burlison.house.gov
New Jersey,NJ,07,"Rep. Thomas H. Kean, Jr. (R)","789,429",0,0.00%,,https://kean.house.gov
New York,NY,07,Rep. Nydia M. Velázquez (D),"777,946",0,0.00%,,https://velazquez.house.gov
North Carolina,NC,07,Rep. David Rouzer (R),"805,748","313,357",38.89%,https://www.cooperative.com/programs-services/government-relations/Documents/state-info/North%20Carolina7.pdf,https://rouzer.house.gov
Ohio,OH,07,Rep. Max L. Miller (R),"789,433","38,025",4.82%,https://www.cooperative.com/programs-services/government-relations/Documents/state-info/Ohio7.pdf,https://maxmiller.house.gov
Pennsylvania,PA,07,Rep. Ryan Mackenzie (R),"788,445",0,0.00%,,https://mackenzie.house.gov
South Carolina,SC,07,Rep. Russell Fry (R),"794,163","314,354",39.58%,https://www.cooperative.com/programs-services/government-relations/Documents/state-info/South%20Carolina7.pdf,https://fry.house.gov
Tennessee,TN,07,Rep. Matt Van Epps (R),"816,216","334,894",41.03%,https://www.cooperative.com/programs-services/government-relations/Documents/state-info/Tennessee7.pdf,https://vanepps.house.gov/
Texas,TX,07,Rep. Lizzie Fletcher (D),"770,214",0,0.00%,,https://fletcher.house.gov
Virginia,VA,07,Rep. Eugene Simon Vindman (D),"825,445","330,866",40.08%,https://www.cooperative.com/programs-services/government-relations/Documents/state-info/Virginia7.pdf,https://vindman.house.gov
Washington,WA,07,Rep. Pramila Jayapal (D),"811,726",0,0.00%,,https://jayapal.house.gov
Wisconsin,WI,07,Rep. Thomas P. Tiffany (R),"754,076","200,652",22.28%,https://www.cooperative.com/programs-services/government-relations/Documents/state-info/Wisconsin7.pdf,https://tiffany.house.gov
Arizona,AZ,08,Rep. Abraham J. Hamadeh (R),"815,902",0,0.00%,,https://hamadeh.house.gov
California,CA,08,Rep. John Garamendi (D),"748,589",0,0.00%,,https://garamendi.house.gov
Colorado,CO,08,Rep. Gabe Evans (R),"757,119","179,308",23.68%,https://www.cooperative.com/programs-services/government-relations/Documents/state-info/Colorado8.pdf,https://gabeevans.house.gov
Florida,FL,08,Rep. Mike Haridopolos (R),"831,434",379,0.05%,https://www.cooperative.com/programs-services/government-relations/Documents/state-info/Florida8.pdf,https://haridopolos.house.gov
Georgia,GA,08,Rep. Austin Scott (R),"787,897","484,400",61.48%,https://www.cooperative.com/programs-services/government-relations/Documents/state-info/Georgia8.pdf,https://austinscott.house.gov
Illinois,IL,08,Rep. Raja Krishnamoorthi (D),"752,591",0,0.00%,,https://krishnamoorthi.house.gov
Indiana,IN,08,Rep. Mark B. Messmer (R),"758,402","183,051",24.14%,https://www.cooperative.com/programs-services/government-relations/Documents/state-info/Indiana8.pdf,https://messmer.house.gov
Maryland,MD,08,Rep. Jamie Raskin (D),"773,463",0,0.00%,,https://raskin.house.gov
Massachusetts,MA,08,Rep. Stephen F. Lynch (D),"784,982",0,0.00%,,https://lynch.house.gov
Michigan,MI,08,Rep. Kristen McDonald Rivet (D),"769,318",0,0.00%,,https://mcdonaldrivet.house.gov
Minnesota,MN,08,Rep. Pete Stauber (R),"727,411","376,790",51.80%,https://www.cooperative.com/programs-services/government-relations/Documents/state-info/Minnesota8.pdf,https://stauber.house.gov
Missouri,MO,08,Rep. Jason Smith (R),"776,269","366,898",47.26%,https://www.cooperative.com/programs-services/government-relations/Documents/state-info/Missouri8.pdf,https://jasonsmith.house.gov
New Jersey,NJ,08,Rep. Robert Menendez (D),"780,391",0,0.00%,,https://menendez.house.gov
New York,NY,08,Rep. Hakeem S. Jeffries (D),"739,447",0,0.00%,,https://jeffries.house.gov
North Carolina,NC,08,Rep. Mark Harris (R),"788,892","311,463",39.48%,https://www.cooperative.com/programs-services/government-relations/Documents/state-info/North%20Carolina8.pdf,https://markharris.house.gov
Ohio,OH,08,Rep. Warren Davidson (R),"791,238","40,686",5.14%,https://www.cooperative.com/programs-services/government-relations/Documents/state-info/Ohio8.pdf,https://davidson.house.gov
Pennsylvania,PA,08,"Rep. Robert P. Bresnahan, Jr. (R)","773,187",846,0.11%,https://www.cooperative.com/programs-services/government-relations/Documents/state-info/Pennsylvania8.pdf,https://bresnahan.house.gov
Tennessee,TN,08,Rep. David Kustoff (R),"774,995","283,668",36.60%,https://www.cooperative.com/programs-services/government-relations/Documents/state-info/Tennessee8.pdf,https://kustoff.house.gov
Texas,TX,08,Rep. Morgan Luttrell (R),"946,825","157,698",16.66%,https://www.cooperative.com/programs-services/government-relations/Documents/state-info/Texas8.pdf,https://luttrell.house.gov
Virginia,VA,08,"Rep. Donald S. Beyer, Jr. (D)","788,825",0,0.00%,,https://beyer.house.gov
Washington,WA,08,Rep. Kim Schrier (D),"794,910","20,405",2.57%,https://www.cooperative.com/programs-services/government-relations/Documents/state-info/Washington8.pdf,https://schrier.house.gov
Wisconsin,WI,08,Rep. Tony Wied (R),"747,225","29,155",0.00%,https://www.cooperative.com/programs-services/government-relations/Documents/state-info/Wisconsin8.pdf,https://wied.house.gov
Arizona,AZ,09,Rep. Paul A. Gosar (R),"915,903","90,630",9.90%,https://www.cooperative.com/programs-services/government-relations/Documents/state-info/Arizona9.pdf,https://gosar.house.gov
California,CA,09,Rep. Josh Harder (D),"784,710",0,0.00%,,https://harder.house.gov
Florida,FL,09,Rep. Darren Soto (D),"909,540","1,373",0.15%,https://www.cooperative.com/programs-services/government-relations/Documents/state-info/Florida9.pdf,https://soto.house.gov
Georgia,GA,09,Rep. Andrew S. Clyde (R),"828,902","549,481",66.29%,https://www.cooperative.com/programs-services/government-relations/Documents/state-info/Georgia9.pdf,https://clyde.house.gov
Illinois,IL,09,Rep. Janice D. Schakowsky (D),"740,435",0,0.00%,,https://schakowsky.house.gov
Indiana,IN,09,Rep. Erin Houchin (R),"764,291","317,992",41.61%,https://www.cooperative.com/programs-services/government-relations/Documents/state-info/Indiana9.pdf,https://houchin.house.gov
Massachusetts,MA,09,Rep. William R. Keating (D),"797,381",0,0.00%,,https://keating.house.gov
Michigan,MI,09,Rep. Lisa C. McClain (R),"782,471","24,702",3.16%,https://www.cooperative.com/programs-services/government-relations/Documents/state-info/Michigan9.pdf,https://mcclain.house.gov
New Jersey,NJ,09,Rep. Nellie Pou (D),"772,342",0,0.00%,,https://pou.house.gov
New York,NY,09,Rep. Yvette D. Clarke (D),"711,601",0,0.00%,,https://clarke.house.gov
North Carolina,NC,09,Rep. Richard Hudson (R),"790,294","160,567",20.32%,https://www.cooperative.com/programs-services/government-relations/Documents/state-info/North%20Carolina9.pdf,https://hudson.house.gov
Ohio,OH,09,Rep. Marcy Kaptur (D),"776,236","20,757",2.67%,https://www.cooperative.com/programs-services/government-relations/Documents/state-info/Ohio9.pdf,https://kaptur.house.gov
Pennsylvania,PA,09,Rep. Daniel Meuser (R),"770,915","53,522",6.94%,https://www.cooperative.com/programs-services/government-relations/Documents/state-info/Pennsylvania9.pdf,https://meuser.house.gov
Tennessee,TN,09,Rep. Steve Cohen (D),"749,932","21,169",2.82%,https://www.cooperative.com/programs-services/government-relations/Documents/state-info/Tennessee9.pdf,https://cohen.house.gov
Texas,TX,09,Rep. Al Green (D),"822,791",0,0.00%,,https://algreen.house.gov
Virginia,VA,09,Rep. H. Morgan Griffith (R),"782,270","33,082",4.23%,https://www.cooperative.com/programs-services/government-relations/Documents/state-info/Virginia9.pdf,https://morgangriffith.house.gov
Washington,WA,09,Rep. Adam Smith (D),"775,676",0,0.00%,,https://adamsmith.house.gov